Num,Link
1,https://swa.co.id/swa/trends/marketing-outlook-2020-dan-strategi-menghadapinya
2,https://swa.co.id/swa/trends/technology-leadership-jadi-kunci-pelindo-iii-memenangkan-persaingan
3,https://swa.co.id/swa/trends/marketing/corporate-brand-value-penting-bagi-kalbe-farma
4,https://swa.co.id/swa/trends/ranking-eodb-naik-potensi-indonesia-tarik-investor-startup
5,https://swa.co.id/swa/trends/business-research/brands-of-choice-in-pandemic-era
6,https://swa.co.id/swa/trends/business-research/nps-soroti-aspek-paintful-boring-experience
7,https://swa.co.id/covid19/kino-cepat-tanggap-menekan-penyebaran-covid-19
8,https://swa.co.id/covid19/pan-brothers-berlakukan-dua-shift-kerja-demi-hindari-potensi-covid-19
9,https://swa.co.id/covid19/lapakganjar-agar-umkm-bangkit-dari-ancaman-covid
10,https://swa.co.id/covid19/terobosan-grup-wings-terapkan-protokol-kesehatan
11,https://swa.co.id/covid19/cara-nicola-reza-samudra-amankan-karyawan-di-tengah-pandemi
12,https://swa.co.id/covid19/pemerintah-dukung-inisiatif-swasta-produksi-vaksin
13,https://swa.co.id/covid19/__trashed-40
14,https://swa.co.id/covid19/antisipasi-kemenkes-akibat-lonjakan-kasus-dan-klaster-baru
15,https://swa.co.id/covid19/menparekraf-pastikan-penerapan-sertifikasi-chse-berjalan
16,https://swa.co.id/covid19/perusahaan-ini-kembangkan-ammdes-untuk-cegah-penyebaran-covid-19
17,https://swa.co.id/covid19/pemerintah-gencarkan-tracing-dan-testing-kerumuman-kegiatan-di-3-provinsi-ini
18,https://swa.co.id/covid19/dorong-ekonomi-saat-pandemi-agung-podomoro-kebut-proyek-di-jawa-barat
19,https://swa.co.id/covid19/geliat-petani-milenial-di-masa-pandemi
20,https://swa.co.id/covid19/kak-seto-perlu-pendekatan-khusus-ajarkan-protokol-3m-pada-anak-anak
21,https://swa.co.id/covid19/ukm-perlu-solusi-teknologi-untuk-rebound-pasca-covid
22,https://swa.co.id/covid19/survei-74-masyarakat-kelas-atas-bersedia-membayar-vaksin-covid-19
23,https://swa.co.id/covid19/the-papandayan-hotel-bandung-lolos-sertifikasi-chse
24,https://swa.co.id/covid19/sekarang-tes-swab-gratis-di-puskesmas
25,https://swa.co.id/covid19/jelang-pilkada-kpu-cermati-protokol-kesehatan
26,https://swa.co.id/covid19/peran-orang-tua-sangat-penting-pada-persiapan-proses-belajar-tatap-muka
27,https://swa.co.id/covid19/ahli-pembuatan-vaksin-covid-19-diawasi-ketat-untuk-memastikan-keamanannya
28,https://swa.co.id/covid19/banpres-untuk-usaha-mikro-terdampak-pandemi-dipercepat-penyerapannya
29,https://swa.co.id/covid19/simulasi-mulai-berjalan-presiden-pastikan-vaksinasi-resmi-covid-19-dimulai-desember-2020
30,https://swa.co.id/covid19/psbb-transisi-dki-jakarta-kembali-diperpanjang
31,https://swa.co.id/covid19/urban-farming-untuk-mencukupi-kebutuhan-gizi-di-era-pandemi
32,https://swa.co.id/covid19/80-responden-menengah-atas-bersedia-membayar-vaksin-covid-19-di-atasrp-100-ribu
33,https://swa.co.id/covid19/presiden-tinjau-pelaksanaan-simulasi-vaksinasi-covid-19-di-bogor
34,https://swa.co.id/covid19/jamin-keselamatan-pengunjung-twc-terapkan-standardisasi-ketat
35,https://swa.co.id/covid19/update-pemeriksaan-pelacakan-dan-perawatan-covid-19-setelah-kerumunan-massa
36,https://swa.co.id/covid19/113-pasien-covid-19-adalah-anak-anak
37,https://swa.co.id/covid19/penyelenggaraan-mice-dan-event-harus-terapkan-protokol-chse
38,https://swa.co.id/covid19/bekasi-jadi-lokasi-kedua-simulasi-vaksinasi-covid-19
39,https://swa.co.id/covid19/garuda-indonesia-raih-penghargaan-sebagai-maskapai-dengan-standar-protokol-kesehatan-dan-keamanan-terbaik-dunia
40,https://swa.co.id/covid19/sekolah-tatap-muka-dimulai-januari-2021-peran-bidang-kesehatan-ditingkatkan
41,https://swa.co.id/covid19/perkembangan-covid-19-di-wilayah-dki-jakarta
42,https://swa.co.id/covid19/pilkada-sehat-di-masa-pandemi
43,https://swa.co.id/covid19/ini-potret-kesediaan-pengguna-asuransi-menerima-vaksin-19
44,https://swa.co.id/covid19/protokol-covid-dana-produktivitas-meningkat-dengan-wfh
45,https://swa.co.id/covid19/putus-penularan-covid-19-dengan-3t
46,https://swa.co.id/covid19/kepala-bnpb-pengungsian-merapi-harus-siap-sistem-keamanan-covid-19
47,https://swa.co.id/swa/business-update/catapa/catapa-memperkaya-paket-catapa-reimbursement-dengan-teknologi-ocr
48,https://swa.co.id/swa/business-update/catapa-luncurkan-solusi-penggajian-gratis-untuk-umkm
49,https://swa.co.id/covid19/efektivitas-3t-dan-3m-untuk-memutus-rantai-covid-19
50,https://swa.co.id/covid19/kemendikbud-umumkan-panduan-pembelajaran-tatap-muka-di-masa-covid-19
51,https://swa.co.id/covid19/kelas-menengah-atas-lebih-banyak-yang-bersedia-menerima-vaksin-covid-19
52,https://swa.co.id/covid19/mengelola-keuangan-tetap-sehat-ditengah-resesi
53,https://swa.co.id/covid19/relawan-satgas-covid-19-dipastikan-tetap-solid-dalam-bertugas
54,https://swa.co.id/covid19/ini-tips-liburan-aman-dan-nyaman-di-tengah-pandemi-ala-tokopedia
55,https://swa.co.id/covid19/inovasi-uv-c-kian-marak-di-tengah-pandemi-covid-19
56,https://swa.co.id/covid19/bnpb-latih-1-000-relawan-covid-di-sulawesi-selatan
57,https://swa.co.id/covid19/pembelajaran-tatap-muka-tergantung-penangan-covid-19-daerah
58,https://swa.co.id/covid19/mengusir-rasa-bosan-dan-tetap-poduktif-dirumah
59,https://swa.co.id/covid19/satgas-di-daerah-jadi-kunci-penanganan-covid-19-berjalan-baik
60,https://swa.co.id/covid19/memahami-jenis-vaksin-berdasarkan-bahan
61,https://swa.co.id/covid19/ada-75-bahasa-daerah-digunakan-dalam-sosialisasi-prokes-covid-19
62,https://swa.co.id/covid19/cara-nutrifood-menjaga-kesehatan-bisnis-dan-karyawan
63,https://swa.co.id/covid19/redam-penyebaran-covid-19-hideaway-hospitality-terapkan-chse
64,https://swa.co.id/covid19/alat-kesehatan-harus-tersebar-merata-ke-seluruh-daerah
65,https://swa.co.id/covid19/23-ribu-vaksinator-siap-lakukan-vaksinasi-covid-19
66,https://swa.co.id/covid19/vaksin-merah-putih-diupayakan-beredar-luas-awal-2022
67,https://swa.co.id/covid19/pemerintah-indonesia-sampaikan-edukasi-seputar-vaksin-covid-19
68,https://swa.co.id/covid19/kepala-bnpb-doni-monardo-meninjau-lokasi-pengungsi-akibat-erupsi-gunung-merapi
69,https://swa.co.id/covid19/fokus-percepat-persiapan-vaksin-covid-19-kpcpen-perkenalkan-dua-profesor-pediatrik
70,https://swa.co.id/covid19/ketua-satgas-covid-19-ingatkan-larangan-kerumunan-kepada-kepala-daerah
71,https://swa.co.id/covid19/tata-cara-pemungutan-suara-di-tps-pada-masa-pandemi
72,https://swa.co.id/covid19/terapkan-wfh-performance-karyawan-akseleran-meningkat
73,https://swa.co.id/covid19/100-banpres-produktif-usaha-mikro-tersalurkan
74,https://swa.co.id/covid19/dukungan-kebijakan-publik-terhadap-perubahan-perilaku
75,https://swa.co.id/covid19/cegah-covid-19-the-alana-hotel-rapid-test-karyawan-setiap-bulan
76,https://swa.co.id/covid19/angka-hunian-rs-wisma-atlet-naik-53
77,https://swa.co.id/covid19/protokol-ibadah-umroh-saat-pandemi
78,https://swa.co.id/covid19/provinsi-dengan-kasus-tertinggi-harus-lakukan-evaluasi-3t
79,https://swa.co.id/covid19/pemda-di-zona-merah-harus-tingkatkan-dan-masifkan-3t
80,https://swa.co.id/covid19/waspadai-10-gejala-baru-covid-19-yang-tak-terduga
81,https://swa.co.id/covid19/covid-19-dalam-angka-kondisi-nasional-per-17-november-2020
82,https://swa.co.id/covid19/mendagri-terbitkan-aturan-penegakan-prokes-apa-isinya
83,https://swa.co.id/covid19/kemenparekraf-gelar-pelatihan-room-attendant-untuk-penerapan-protokol-kesehatan-di-hotel
84,https://swa.co.id/covid19/keseimbangan-bisnis-unilever-indonesia-di-tengah-pandemi-covid-19
85,https://swa.co.id/covid19/jurus-pengusaha-furniture-bertahan-hadapi-covid-19
86,https://swa.co.id/covid19/danone-indonesia-jaga-kesehatan-fisik-dan-mental-karyawan
87,https://swa.co.id/covid19/cegah-penyebaran-covid-19-transjakarta-hadirkan-teknologi-nirsentuh
88,https://swa.co.id/covid19/survei-kepatuhan-jaga-jarak-saat-liburan-lalu-lebih-tinggi
89,https://swa.co.id/covid19/survei-25-penduduk-belum-patuh-menggunakan-masker
90,https://swa.co.id/covid19/cegah-klaster-rumah-tangga-dengan-protokol-keluarga
91,https://swa.co.id/covid19/pemprov-dki-jakarta-masifkan-tes-pcr
92,https://swa.co.id/covid19/tokoh-masyarakat-harusnya-beri-contoh-disiplin-protokol-kesehatan
93,https://swa.co.id/covid19/beredar-mitos-tentang-vaksin-ini-kata-ahli
94,https://swa.co.id/covid19/blibli-terapkan-protokol-kesehatan-ketat-di-blibli-express-service
95,https://swa.co.id/covid19/white-horse-pastikan-armada-bersih-dan-pengemudi-fit
96,https://swa.co.id/covid19/survei-penerimaan-vaksin-covid-19-mayoritas-masyarakat-bersedia-menerima
97,https://swa.co.id/covid19/ini-prosedur-aviary-bintaro-jaga-kesehatan-di-lingkungan-hotel
98,https://swa.co.id/covid19/kontribusi-dalam-penanganan-covid-19-grup-wings-raih-penghargaan-padmamitra
99,https://swa.co.id/covid19/beachwalk-pastikan-seluruh-tenant-terapkan-prokes
100,https://swa.co.id/covid19/pesan-perubahan-perilaku-harus-disampaikan-dalam-bahasa-ibu
101,https://swa.co.id/covid19/mencegah-lebih-baik-dan-murah-daripada-mengobati
102,https://swa.co.id/covid19/jaga-keamanan-paket-sicepat-terapkan-prokes
103,https://swa.co.id/covid19/optimalisasi-digital-penting-untuk-selamatkan-umkm-di-tengah-pandemi
104,https://swa.co.id/covid19/inovasi-airasia-untuk-tingkatkan-perjalanan-yang-lebih-aman-dan-higienis
105,https://swa.co.id/covid19/digitalisasi-dorong-umkm-naik-kelas
106,https://swa.co.id/covid19/satgas-covid-19-evaluasi-penambahan-kasus-untuk-antisipasi-libur-natal-dan-tahun-baru
107,https://swa.co.id/covid19/aktivitas-bersepeda-menigkat-ini-faktor-pemicunya
108,https://swa.co.id/covid19/tujuh-utama-jaga-kesehatan-kita
109,https://swa.co.id/covid19/bts-berteknologi-4g-lte-telkomsel-hadir-di-rote-ndao
110,https://swa.co.id/covid19/menciptakan-bengkel-yang-aman-corona
111,https://swa.co.id/covid19/tata-kelola-hotel-untuk-tekan-corona
112,https://swa.co.id/covid19/tata-kelola-pabrik-dimasa-pandemi
113,https://swa.co.id/covid19/bisnis-sepeda-makin-menggeliat-di-masa-pandemi
114,https://swa.co.id/covid19/artugo-jalani-prokes-diimbangi-kesadaran-karyawan-membersihkan-lingkungan-kerja
115,https://swa.co.id/covid19/pertamina-uji-coba-green-diesel-pada-akhir-november
116,https://swa.co.id/covid19/the-royal-santrian-minimalkan-personal-touch-hindari-covid-19
117,https://swa.co.id/covid19/pakai-masker-jadi-prasyarat-menyelamatkan-nyawa-ekonomi
118,https://swa.co.id/covid19/satgas-covid-19-psbb-transisi-bukan-tanda-aman
119,https://swa.co.id/covid19/7-hal-saat-membuka-resto-dimasa-pandemi
120,https://swa.co.id/covid19/portal-dagang-dan-print-app-fokus-pada-pengelolaan-bisnis
121,https://swa.co.id/covid19/menteri-perindustrian-bagaimana-industri-tetap-tumbuh-tanpa-menjadi-kluster
122,https://swa.co.id/covid19/kemenparekraf-dorong-industri-hotel-dan-restoran-di-labuan-bajo-sertifikasi-chse
123,https://swa.co.id/covid19/langkah-bni-syariah-memerangi-pandemi
124,https://swa.co.id/covid19/disiplin-prokes-untuk-antisipasi-gelombang-kedua-pandemi
125,https://swa.co.id/covid19/karyawan-generali-yang-bekerja-di-kantor-wajib-dapat-surat-izin
126,https://swa.co.id/covid19/jenis-jenis-masker-dan-keunggulannya-yang-perlu-anda-tahu
127,https://swa.co.id/covid19/uji-klinis-vaksin-sinovac-memasuk-tahap-pemantauan
128,https://swa.co.id/covid19/pemerintah-siapkan-infrastruktur-pendukung-untuk-distribusikan-vaksin-covid-19
129,https://swa.co.id/covid19/park-hotel-jakarta-implementasi-sop-adaptasi-kebiasaan-baru
130,https://swa.co.id/covid19/menteri-pertanian-11-bahan-pokok-dasar-dalam-kendali-penuh-di-2020
131,https://swa.co.id/covid19/duta-perubahan-perilaku-bantu-satgas-disiplinkan-protokol-kesehatan
132,https://swa.co.id/covid19/jaringan-hotel-indonesia-natour-utamakan-aspek-higienitas
133,https://swa.co.id/covid19/13-jamaah-umrah-positif-covid-19-kemenag-gencarkan-sosialisasi-prokes
134,https://swa.co.id/covid19/tips-ke-salon-saat-pandemi
135,https://swa.co.id/covid19/putus-penularan-covid-19-dengan-3m-dan-3t
136,https://swa.co.id/covid19/publik-diajak-ubah-perilaku-dan-berdisiplin-prokes
137,https://swa.co.id/covid19/ini-prioritas-dalam-penggunaan-darurat-vaksin-covid-19
138,https://swa.co.id/covid19/sisi-positif-bekerja-dari-rumah
139,https://swa.co.id/covid19/langkah-jet-express-beradaptasi-di-tengah-psbb
140,https://swa.co.id/covid19/kiat-nurhayati-subakat-hadapi-covid-19
141,https://swa.co.id/covid19/ide-kreatif-bisnis-saat-pandemi
142,https://swa.co.id/covid19/damri-terapkan-kebiasaan-baru-di-lingkungan-kantor
143,https://swa.co.id/covid19/penerapan-protokol-kesehatan-di-unilever-indonesia
144,https://swa.co.id/covid19/pemerintah-pastikan-vaksin-covid-19-aman
145,https://swa.co.id/covid19/peran-komunitas-gowes-untuk-perubahan-perilaku
146,https://swa.co.id/covid19/indra-karya-gencar-sosialisasi-adaptasi-kebiasaan-baru
147,https://swa.co.id/covid19/agar-tenang-beribadah-jamaah-umroh-harus-patuhi-ini-selama-pandemi
148,https://swa.co.id/covid19/taat-protokol-kesehatan-kasus-spa-di-grup-sgh-turun
149,https://swa.co.id/covid19/pelindo-i-gencarkan-layanan-digital-untuk-penumpang
150,https://swa.co.id/covid19/jaga-gaya-hidup-sehat-cegah-risiko-penyakit-penyerta-covid-19
151,https://swa.co.id/covid19/program-sertifikasi-chse-bangkitkan-roh-pariwisata-di-bali
152,https://swa.co.id/covid19/airlangga-hartarto-yang-dilakukan-pemerintah-sudah-on-the-right-track
153,https://swa.co.id/covid19/kemenparekraf-sosialisasikan-protokol-chse-di-bali-dan-labuan-bajo-kepada-ekspatriat-india
154,https://swa.co.id/covid19/ini-yang-perlu-kamu-pahami-tentang-face-shield
155,https://swa.co.id/covid19/cara-damri-amankan-penumpang-dari-potensi-covid-19
156,https://swa.co.id/covid19/satgas-pemda-harus-evaluasi-kontinu-penerapan-prokes
157,https://swa.co.id/covid19/potret-belanja-online-bulanan-konsumen
158,https://swa.co.id/covid19/damri-terapkan-kebiasaan-baru-untuk-mencegah-penularan-covid
159,https://swa.co.id/covid19/perempuan-menjadi-kunci-dalam-gerakan-disiplin-pakai-masker
160,https://swa.co.id/covid19/protokol-kesehatan-setelah-beraktivitas-di-luar-rumah
161,https://swa.co.id/covid19/sucofindo-gratiskan-sertifikasi-chse-bagi-pelaku-pariwisata
162,https://swa.co.id/covid19/asdp-butuh-kesadaran-tinggi-pengguna-patuhi-protokol-kesehatan
163,https://swa.co.id/covid19/prof-wiku-kasus-covid-setelah-libur-panjang-relatif-terkendali
164,https://swa.co.id/covid19/tips-menggunakan-masker-yang-tepat-dan-efektif
165,https://swa.co.id/covid19/tetap-disiplin-prokes-damri-buka-trayek-baru
166,https://swa.co.id/covid19/pemerintah-yakin-ekonomi-indonesia-pulih-dari-resesi-pada-2021
167,https://swa.co.id/covid19/masyarakat-indonesia-lebih-optimis-ini-alasannya
168,https://swa.co.id/covid19/airlangga-penanganan-covid-19-dan-pemulihan-ekonomi-berada-di-jalur-yang-tepat-dan-seimbang
169,https://swa.co.id/covid19/doni-monardo-vaksin-terbaik-adalah-protokol-kesehatan
170,https://swa.co.id/covid19/studi-baru-anak-anak-produksi-antibodi-covid-19-lebih-rendah
171,https://swa.co.id/covid19/bluebird-mengukur-produktivitas-perusahaan-melalui-protokol-kesehatan
172,https://swa.co.id/covid19/solid-gold-berjangka-lindungi-karyawan-terapkan-disiplin-protokol-kesehatan
173,https://swa.co.id/covid19/vending-machine-khusus-masker-upaya-menekan-penyebaran-covid-19
174,https://swa.co.id/covid19/hindari-5-kebiasaan-yang-dapat-turunkan-imun
175,https://swa.co.id/covid19/berinovasi-dalam-menghadapi-tantangan-pandemi
176,https://swa.co.id/covid19/menaker-ida-mengedukasi-hidup-sehat-karyawan-pabrik-rokok-di-masa-pandemi
177,https://swa.co.id/covid19/perkuat-implementasi-protokol-kesehatan-dahana-bagikan-3-ribu-masker
178,https://swa.co.id/covid19/menhub-minta-lanjutkan-pembangunan-dan-terapkan-protokol-kesehatan
179,https://swa.co.id/covid19/pt-garam-jadikan-satpam-garda-terdepan-penegak-protokol-kesehatan
180,https://swa.co.id/covid19/a-true-balinese-experience-mulai-bangkit-saat-new-normal
181,https://swa.co.id/covid19/cara-fabelio-beradaptasi-di-situasi-pandemi
182,https://swa.co.id/covid19/jurus-selamat-sempurna-di-masa-pandemi
183,https://swa.co.id/covid19/menhub-minta-lanjutkan-pembangunan-dan-terapkan-prokes-di-sarana-transportasi
184,https://swa.co.id/covid19/meningkatkan-sistem-imun-dengan-buah-buahan
185,https://swa.co.id/covid19/masyarakat-indonesia-optimistis-hadapi-covid-19
186,https://swa.co.id/covid19/bioskop-cgv-bekasi-palembang-dibuka-terapkan-protokol-kesehatan
187,https://swa.co.id/covid19/keluar-dari-jerat-burnout-syundrome-wfh
188,https://swa.co.id/covid19/anies-himbau-masyarakat-tetap-disiplin-prokes-di-masa-transisi-psbb
189,https://swa.co.id/covid19/bersepeda-yang-aman-di-era-pandemi
190,https://swa.co.id/covid19/dengan-inovasi-protokol-covid-bangkitkan-bisnis-zap-clinic
191,https://swa.co.id/covid19/pelajaran-berharga-dari-penyintas-covid-19-nina-susilowati
192,https://swa.co.id/covid19/pemerintah-akan-sediakan-vaksi-yang-aman-dan-lolos-uji-klinis
193,https://swa.co.id/covid19/protokol-kesehatan-lippo-mall-kemang
194,https://swa.co.id/covid19/agar-aman-berwisata-di-candi-borobudur
195,https://swa.co.id/covid19/lima-penyebab-burnout-syndrome-karena-wfh
196,https://swa.co.id/covid19/kemenkes-himbau-jamaah-umrah-patuhi-protokol-kesehatan
197,https://swa.co.id/covid19/hatten-wines-rapat-online-menjadi-kebiasaan-baru
198,https://swa.co.id/covid19/bulog-berlakukan-protokol-untuk-perlindungan-pekerja-dan-stakeholder
199,https://swa.co.id/covid19/protokol-kesehatan-covid-19-di-pesantren-dan-peran-kyai-jadi-panutan
200,https://swa.co.id/covid19/kemenparekraf-ajak-pelaku-kuliner-di-bali-terapkan-protokol-kesehatan
201,https://swa.co.id/covid19/terawan-sebutkan-9-kunci-penanganan-covid-19-di-indonesia
202,https://swa.co.id/covid19/laboratorium-tes-covid-19-perlu-dievaluasi
203,https://swa.co.id/covid19/ceo-kirana-megatara-terapkan-protokol-3m-secara-disiplin
204,https://swa.co.id/covid19/hindari-gelombang-kedua-dengan-disiplin-prokes
205,https://swa.co.id/covid19/prioritas-utama-klub-fitness-first-cegah-penularan-covid-19
206,https://swa.co.id/covid19/3-aspek-protokol-covid-xl-axiata
207,https://swa.co.id/covid19/bpr-kas-terapkan-pendekatan-personal-dengan-sentuhan-digital
208,https://swa.co.id/covid19/kebersihan-dan-higienitas-jadi-pertimbangan-utama-konsumen-memilih-resto
209,https://swa.co.id/covid19/semen-baturaja-terapkan-berbagai-pencegahan-covid-sesuai-protokol
210,https://swa.co.id/covid19/ekonomi-indonesia-berpeluang-cepat-pulih
211,https://swa.co.id/covid19/280771
212,https://swa.co.id/covid19/survei-praktik-protokol-kesehatan-covid-19-di-6-kota
213,https://swa.co.id/covid19/video-pelajaran-berharga-dari-penyintas-covid-nina-susilowati
214,https://swa.co.id/covid19/disiplin-protokol-kesehatan-penumpang-kai-melonjak
215,https://swa.co.id/covid19/ap-i-andalkan-teknologi-untuk-lindungi-penumpang-di-masa-adaptasi-kebiasaan-baru
216,https://swa.co.id/covid19/protokol-kesehatan-ketat-dana-ubah-konsep-offline-ke-online
217,https://swa.co.id/covid19/7-langkah-menghadapi-perubahan-perilaku-konsumen-di-masa-transisi-new-normal
218,https://swa.co.id/covid19/tips-pemasaran-di-masa-pandemi
219,https://swa.co.id/covid19/inilah-langkah-bei-menangkal-pandemi
220,https://swa.co.id/covid19/layanan-resto-dan-minimarket-paska-pandemi-covid-19
221,https://swa.co.id/covid19/penuhi-protokol-kesehatan-psis-gandeng-rentokil-initial-indonesia
222,https://swa.co.id/covid19/perusahaan-pemegang-iomki-wajib-laporkan-aktivitas-penerapan-prokes
223,https://swa.co.id/covid19/badan-pom-siap-kawal-mutu-vaksin-covid-19
224,https://swa.co.id/covid19/bni-life-insurance-terapkan-protokol-covid-jaga-pertumbuhan-bisnis
225,https://swa.co.id/covid19/usai-beraktivitas-di-luar-rumah-terapkan-protokol-kesehatan-ini
226,https://swa.co.id/covid19/cara-castrol-lindungi-konsumen-dari-risiko-covid-19-di-bengkel-mitra
227,https://swa.co.id/covid19/kemenparekraf-susun-protokol-kesehatan-wisata-selam
228,https://swa.co.id/covid19/menciptakan-kantor-yang-aman-corona
229,https://swa.co.id/covid19/bio-farma-upayakan-percepat-uji-imunogenisitas-vaksin-covid-19
230,https://swa.co.id/covid19/televisi-masih-dipercaya-sebarkan-sumber-informasi-covid-19
231,https://swa.co.id/covid19/zona-oranye-penyebaran-virus-diharap-tidak-lengah
232,https://swa.co.id/covid19/bagaimana-martinus-subandi-sinarya-ceo-kirana-megatara-menjalankan-aktivitas-di-era-covid
233,https://swa.co.id/covid19/antisipasi-penyebaran-covid-19-wom-finance-lakukan-penyemprotan-disinfektan
234,https://swa.co.id/covid19/strategi-paxel-lindungi-karyawan-dan-pelanggan-dari-covid-19
235,https://swa.co.id/covid19/ini-dia-6-lembaga-yang-kembangkan-vaksin-merah-putih
236,https://swa.co.id/covid19/evalube-cegah-penyebaran-covid-19-di-fasilitas-produksi-dan-lingkungan-sekitar
237,https://swa.co.id/covid19/garudafood-membangun-new-habits-untuk-kendalikan-covid
238,https://swa.co.id/covid19/hachi-group-ketatkan-protokol-kesehatan-untuk-lindungi-pelanggan
239,https://swa.co.id/covid19/satgas-penanganan-covid-19-dan-kemkes-luncurkan-program-penguatan-tracing-di-51-kabupaten-kota-prioritas
240,https://swa.co.id/covid19/gowes-aman-di-tengah-pandemi
241,https://swa.co.id/covid19/smartfren-ajak-mitra-kampanyekan-protokol-kesehatan-bersepeda
242,https://swa.co.id/covid19/protokol-kesehatan-ketat-bisa-optimalkan-potensi-wisata-domestik
243,https://swa.co.id/covid19/tim-riset-uji-klinis-covid-19-kami-tidak-terburu-buru
244,https://swa.co.id/covid19/kebun-binatang-ragunan-menyambut-pengunjung-dengan-protokol-covid-lengkap
245,https://swa.co.id/covid19/standar-prokes-di-sun-life
246,https://swa.co.id/covid19/tokopedia-jaga-produktivitas-karyawan-dengan-serangkaian-kegiatan-virtual
247,https://swa.co.id/covid19/update-rs-rujukan-covid-19-bagaimana-tren-pasca-libur-panjang
248,https://swa.co.id/covid19/intercontinental-bali-resort-pastikan-kenyamanan-tamu-dengan-sertifikasi-chse
249,https://swa.co.id/covid19/berkunjung-ke-tempat-wisata
250,https://swa.co.id/covid19/gelar-kampanye-libur-dekat-rumah-tiket-com-tetap-ingatkan-protokol-kesehatan
251,https://swa.co.id/covid19/pariwisata-bergerak-itdc-perketat-pengawasan-protokol-kesehatan
252,https://swa.co.id/covid19/cara-membuang-masker-sekali-pakai
253,https://swa.co.id/covid19/filosofi-baru-hachi-group-di-masa-adaptasi-baru
254,https://swa.co.id/covid19/protokol-kesehatan-ppm-manajemen-untuk-karyawan-dan-klien
255,https://swa.co.id/covid19/tips-aman-naik-taksi-konvensional-dan-daring
256,https://swa.co.id/covid19/salonpas-sport-virtual-ride-2020-ajak-masyarakat-bergerak-aktif
257,https://swa.co.id/covid19/dengan-protokol-covid-karyawan-makin-sehat-produktivitas-meningkat
258,https://swa.co.id/covid19/akselerasi-persiapan-logistik-dan-sdm-untuk-vaksinasi-covid-19
259,https://swa.co.id/covid19/ptpn-xii-dukung-jatim-atasi-penyebaran-covid-19
260,https://swa.co.id/covid19/grup-sgh-berlakukan-kerja-shift-wfh-dan-wfo-saat-pandemi
261,https://swa.co.id/covid19/wardah-edukasi-masyarakat-jaga-kebersihan-tangan-dan-bagikan-30-700-hand-gel
262,https://swa.co.id/covid19/toya-devasya-prokes-ketat-tapi-tidak-bisa-wfh
263,https://swa.co.id/covid19/cegah-penularan-virus-moratelindo-tiadakan-perjalanan-bisnis
264,https://swa.co.id/covid19/ini-kegunaan-blc-monitoring-perubahan-perilaku
265,https://swa.co.id/covid19/bir-bintang-dampingi-sertifikasi-protokol-kesehatan-mitra-outlet-bali
266,https://swa.co.id/covid19/menjaga-keselamatan-jamaah-shalat-jumat-di-masjid
267,https://swa.co.id/covid19/radiant-utama-interinsco-lakukan-efisiensi-dan-prioritaskan-proyek-jangka-pendek
268,https://swa.co.id/covid19/protokol-soho-global-health-hadapi-pandemicovid-19
269,https://swa.co.id/covid19/tetap-produktif-di-masa-pandemi-apa-yang-dilakukan-olla-ramlan
270,https://swa.co.id/covid19/hajatan-keluarga-aman-di-masa-pandemi-covid-19
271,https://swa.co.id/covid19/ayo-cuci-tangan-selalu
272,https://swa.co.id/covid19/dr-sonny-harry-harmadi-menjelaskan-buku-pedoman-perubahan-perilaku-untuk-melawan-covid
273,https://swa.co.id/covid19/pupuk-kaltim-sediakan-laboratorium-biomolekuler-pcr-untuk-putus-mata-rantai-covid-19
274,https://swa.co.id/covid19/cegah-penularan-covid-19-ini-yang-dilakukan-jasa-marga
275,https://swa.co.id/covid19/layanan-bca-tekan-penularan-covid-19
276,https://swa.co.id/covid19/suzuki-kurangi-kapasitas-produksi-untuk-putus-penyebaran-corona
277,https://swa.co.id/covid19/ig-live-swa-business-leader-talk-saatnya-umkm-menangkap-peluang-kala-pandemi
278,https://swa.co.id/covid19/pesonna-hotel-tugu-yogyakarta-siapkan-ruang-isolasi-untuk-tamu
279,https://swa.co.id/covid19/protokol-kesehatan-bni-syariah-lindungi-karyawan-keluarga-dan-nasabah-dari-covid-19
280,https://swa.co.id/covid19/ada-covid-19-pembangunan-mrt-fase-2-terancam-tertunda
281,https://swa.co.id/covid19/hobi-3m-cara-pemimpin-nojorono-tidak-stres-selama-pandemi
282,https://swa.co.id/covid19/integrasi-pembayaran-elektronik-upaya-oyo-perkuat-protokol-kesehatan
283,https://swa.co.id/covid19/agricon-bangun-komunikasi-dan-kekompakan-karyawan-hadapi-covid-19
284,https://swa.co.id/covid19/upaya-smaf-menjaga-keselamatan-karyawan-di-tengah-pandemi-covid-19
285,https://swa.co.id/covid19/perkembangan-covid-19-pekan-ini-kesembuhan-naik-44
286,https://swa.co.id/covid19/berdisiplin-terapkan-protokol-kesehatan-cegah-klaster-perkantoran
287,https://swa.co.id/covid19/pentingnya-pengukuran-kualitas-udara-di-lingkungan-kerja
288,https://swa.co.id/covid19/penerapan-protokol-kesehatan-tingkatkan-produktivitas-di-datascrip
289,https://swa.co.id/covid19/agar-pelanggan-aman-dari-covid-19-saat-servis-produk-elektronik
290,https://swa.co.id/covid19/four-points-by-sheraton-surabaya-prioritaskan-keselamatan-kesehatan-pengunjung
291,https://swa.co.id/covid19/upaya-linkaja-lindungi-karyawan-dari-potensi-covid-19
292,https://swa.co.id/covid19/rsia-bunda-bagikan-tips-aman-ke-rs-di-masa-pandemi
293,https://swa.co.id/covid19/4-233-kamar-hotel-disiapkan-untuk-pasien-gejala-ringan-dan-nakes
294,https://swa.co.id/covid19/ketua-idi-jelaskan-tahapan-pembuatan-vaksin
295,https://swa.co.id/covid19/kunci-jaga-kesehatan-ceo-rumah-zakat-kala-pandemi
296,https://swa.co.id/covid19/160-juta-vaksin-covid-19-akan-diberikan-bertahap-sampai-2022
297,https://swa.co.id/covid19/kpcpen-jumlah-kasus-corona-aktif-1997-per-hari-ini
298,https://swa.co.id/covid19/optimalkan-protokol-kesehatan-demi-kenyamanan-dan-keamanan-pelanggan
299,https://swa.co.id/covid19/dukungan-qlue-pada-penerapan-protokol-kesehatan-di-kabupaten-trenggalek
300,https://swa.co.id/covid19/pg-giat-jalankan-protokol-kesehatan-di-pabrik
301,https://swa.co.id/covid19/kemen-pppa-rilis-protokol-kesehatan-di-keluarga-apa-saja-isinya
302,https://swa.co.id/covid19/__trashed-20
303,https://swa.co.id/covid19/siapadia-rita-mirasari-direktur-kepatuhan-bank-danamon
304,https://swa.co.id/covid19/doni-monardo-resmikan-rs-covid-19-di-pulau-biak
305,https://swa.co.id/covid19/astra-agro-lestari-pastikan-seluruh-operasional-kebun-patuhi-protokol-covid-19
306,https://swa.co.id/covid19/daihatsu-turunkan-kapasitas-produksi-demi-patuhi-protokol-kesehatan
307,https://swa.co.id/covid19/patuhi-protokol-covid-19-waskita-beton-inspeksi-proyek-secara-virtual
308,https://swa.co.id/covid19/wfh-100-kinerja-karyawan-generali-indonesia-meningkat
309,https://swa.co.id/covid19/jasa-tirta-ii-gelar-rapid-test-untuk-seluruh-karyawan
310,https://swa.co.id/covid19/swa-business-leader-talk-kiat-azana-hotels-beradaptasi-dan-menjalankan-protokol-covid-19
311,https://swa.co.id/covid19/wings-air-pastikan-layanan-penerbangan-higienis
312,https://swa.co.id/covid19/jurus-bakmi-naga-batavia-cafe-bertahan-di-masa-pandemi
313,https://swa.co.id/covid19/protokol-kesehatan-ketat-di-candi-borabudur-dan-perambanan
314,https://swa.co.id/covid19/strategi-palem-craft-bertahan-di-era-covid-19
315,https://swa.co.id/covid19/belajar-dari-pengalaman-salsabeela-sebagai-penyintas-covid-19
316,https://swa.co.id/covid19/signify-indonesia-kesehatan-dan-keselamatan-karyawan-prioritas-utama
317,https://swa.co.id/covid19/rumah-zakat-terapkan-aturan-keamanan-ketat-selama-pandemi
318,https://swa.co.id/covid19/refit-club-di-gresik-terapkan-protokol-kesehatan-tangkal-covid-19
319,https://swa.co.id/covid19/cara-tauzia-hotels-jaga-standar-kebersihan-keselamatan-dari-covid-19
320,https://swa.co.id/covid19/upaya-pgn-menekan-penyebaran-virus-di-lingkungan-kerja
321,https://swa.co.id/covid19/cara-pengusaha-eo-perketat-protokol-kesehatan-selama-pandemi-covid-19
322,https://swa.co.id/covid19/perluas-jaringan-di-timur-tengah-damri-akan-layani-jemaah-haji-dan-umrah
323,https://swa.co.id/covid19/jadi-penyintas-covid-19-pengusaha-muda-ini-ingatkan-protokol-kesehatan
324,https://swa.co.id/covid19/pelindo-3-terapkan-protokol-kesehatan-dari-kapal-hingga-ke-kantor
325,https://swa.co.id/covid19/hotel-papandayan-rutin-tes-covid-19-untuk-mitra-kerja-dan-keluarga
326,https://swa.co.id/covid19/bantu-ukm-indonesia-facebook-guyurkan-dana-rp-125-miliar
327,https://swa.co.id/covid19/strategi-angkutan-perintis-saat-pandemi-fokus-genjot-bisnis-kargo
328,https://swa.co.id/covid19/ptpn-v-gelontorkan-dana-rp49-miliar-untuk-putus-penyebaran-covid-19
329,https://swa.co.id/covid19/asuransi-astra-menjaga-kesehatan-karyawan-dan-pelanggan
330,https://swa.co.id/covid19/aplikasi-mamikos-cegah-klaster-baru-covid-19-di-kalangan-anak-kos
331,https://swa.co.id/covid19/otten-coffee-bagikan-tips-bisnis-kopi-saat-pandemi
332,https://swa.co.id/covid19/ceo-propan-raya-menghapus-agenda-tatap-muka
333,https://swa.co.id/covid19/saat-pandemi-covid-19-waktu-yang-tepat-lnvestasi-properti
334,https://swa.co.id/swa/listed-articles/empat-kunci-ceo-grup-lorena-hadapi-pandemi-covid-19
335,https://swa.co.id/covid19/pesawat-bermasker-garuda-indonesia-gencarkan-patuhi-protokol-kesehatan
336,https://swa.co.id/covid19/tetap-beroperasi-tiki-terapkan-langkah-preventif-cegah-covid-19
337,https://swa.co.id/covid19/taat-protokol-kesehatan-bisnis-rental-mobil-transkon-jaya-makin-lancar
338,https://swa.co.id/covid19/pupuk-kaltim-bentuk-tim-crisis-center-covid-19
339,https://swa.co.id/covid19/survei-aktivitas-masyarakat-di-era-kebiasaan-baru
340,https://swa.co.id/covid19/ini-strategi-upnormal-penuhi-permintaan-konsumen-saat-pandemi
341,https://swa.co.id/covid19/survei-403-anggap-vaksin-akan-efektif
342,https://swa.co.id/covid19/selama-psbb-eksekutif-senior-sampoerna-agro-berkantor-di-luar-jakarta
343,https://swa.co.id/covid19/blue-bird-gopay-sediakan-transaksi-tanpa-kontak-cegah-penyebaran-covid-19
344,https://swa.co.id/covid19/bos-intiland-bertapa-di-rumah-selama-pandemi-covid-19
345,https://swa.co.id/covid19/langkah-bandara-soetta-amankan-penumpang-dari-potensi-covid-19
346,https://swa.co.id/covid19/medsos-terpopuler-dan-paling-bepengaruh-untuk-informasi-protokol-kesehahatan
347,https://swa.co.id/swa/trends/marketing/lapakganjar-agar-umkm-bangkit-dari-ancaman-covid
348,https://swa.co.id/covid19/jababeka-bentuk-satgas-hingga-lab-pcr-demi-lindungi-14-juta-pekerja
349,https://swa.co.id/covid19/survei-penerapan-protokol-kesehatan-di-angkutan-umum-masih-harus-ditingkatkan
350,https://swa.co.id/covid19/terapkan-protokol-kesehatan-antam-harap-kinerja-paruh-kedua-optimal
351,https://swa.co.id/covid19/oyo-terapkan-check-in-tanpa-sentuhan-untuk-protokol-kesehatan
352,https://swa.co.id/covid19/berburu-diskon-di-tengah-pandemi-covid-19
353,https://swa.co.id/covid19/membuat-zonasi-di-rumah-masing-masing-bisa-jadi-strategi-cegah-penyebaran-covid-19
354,https://swa.co.id/covid19/jaga-sirkulasi-udara-seluruh-armada-batik-air-dilengkapi-hepa-filter
355,https://swa.co.id/covid19/penerapkan-protokol-kesehatan-sharp-indonesia
356,https://swa.co.id/covid19/pesan-ibu-untuk-menjalani-kebiasaan-baru
357,https://swa.co.id/covid19/protokol-kesehatan-3m-harus-berjalan-paralel
358,https://swa.co.id/covid19/tower-bersama-ketatkan-protokol-kesehatan
359,https://swa.co.id/covid19/strategi-dentsu-lindungi-karyawan-dari-ancaman-covid-19
360,https://swa.co.id/covid19/begini-super-indo-melayani-di-era-pandemi
361,https://swa.co.id/covid19/protokol-kesehatan-ala-propan-cegah-penyebaran-covid-19
362,https://swa.co.id/covid19/protokol-kesehatan-mmksi-dalam-perusahaan-dan-melayani-pelanggan
363,https://swa.co.id/covid19/dukungan-aqua-japan-untuk-para-nakes-covid-19
364,https://swa.co.id/covid19/relawan-gemas-serahkan-50-ribu-masker-cegah-corona-untuk-polri
365,https://swa.co.id/kumparan/bps-25-masyarakat-lebih-sering-keluar-rumah-saat-akb
366,https://swa.co.id/covid19/ica-serahkan-bantuan-rapid-test-di-hut-korlantas-ke-65
367,https://swa.co.id/covid19/oppo-dukung-habitat-for-humanity-indonesia-untuk-program-bergerak
368,https://swa.co.id/covid19/912-pasien-covid-19-sembuh-di-kabupaten-pasuruan
369,https://swa.co.id/covid19/pyridam-farma-sediakan-mobile-pcr-lab-di-tirta-medical-centre
370,https://swa.co.id/swa/capital-market/corporate/strategi-bio-farma-kembangkan-produksi-vaksin-covid-19
371,https://swa.co.id/swa/trends/economic-issues/sejumlah-negara-larang-kunjungan-wni-ini-dampaknya-bagi-ekonomi-ri
372,https://swa.co.id/covid19/hepatika-mataram-produsen-rapid-test-ri-gha-covid-19
373,https://swa.co.id/covid19/lipi-bergerak-cepat-berinovasi-untuk-atasi-covid-19
374,https://swa.co.id/swa/trends/banpres-produktif-diberikan-kepada-pengusaha-mikro-aceh
375,https://swa.co.id/swa/trends/management/supra-boga-lestari-siapkan-strategi-baru-dan-terus-berinovasi
376,https://swa.co.id/covid19/beiersdorf-bagikan-nivea-creme-tin-untuk-paramedis-covid-19
377,https://swa.co.id/swa/trends/management/soho-global-health-tetap-berikan-bonus-dan-siap-hadapi-new-normal
378,https://swa.co.id/swa/trends/management/perum-perindo-mulai-kembangkan-segmen-bisnis-online
379,https://swa.co.id/covid19/hanwha-life-serahkan-donasi-untuk-lawan-covid-19
380,https://swa.co.id/swa/trends/management/unilever-indonesia-genjot-produk-yang-paling-laku-dan-re-alokasi-sumber-daya
381,https://swa.co.id/swa/trends/management/crp-group-genjot-order-online-dan-keluarkan-menu-affordable
382,https://swa.co.id/kumparan/inovasi-lawan-covid-19-itb-kembangkan-dan-produksi-ventilator-portable-vent-i
383,https://swa.co.id/covid19/pamapersada-bantu-alat-fasilitas-lab-pcr-di-kaltim
384,https://swa.co.id/kumparan/lembaga-biologi-molekuler-eijkman-komandani-riset-vaksin-virus-corona
385,https://swa.co.id/swa/trends/technology/bca-layanan-perbankan-digital-melonjak-di-masa-pandemi
386,https://swa.co.id/swa/trends/marketing/erha-clinic-optimalkan-penjualan-di-platform-digital
387,https://swa.co.id/swa/trends/marketing/super-indo-meningkatkan-kualitas-layanan-di-tengah-pandemi
388,https://swa.co.id/kumparan/jet-express-mencari-celah-untuk-new-normal
389,https://swa.co.id/covid19/survival-post-corona-strategy-tiki-fokus-pada-tiga-aspek
390,https://swa.co.id/kumparan/sasa-inti-tingkatkan-produktivitas-dan-kreativitas
391,https://swa.co.id/covid19/viva-cosmetics-dorong-penguatan-produk-perbekalan-kesehatan-rumah-tangga
392,https://swa.co.id/covid19/marguna-tarulata-apk-farma-intensifkan-penjualan-online
393,https://swa.co.id/swa/trends/management/bio-farma-menyiapkan-sinergi-tiga-bumn-farmasi
394,https://swa.co.id/covid19/evermos-dan-alpha-jwc-venture-distribusikan-70-ribu-apd
395,https://swa.co.id/swa/trends/management/bank-mandiri-gencarkan-inovasi-layanan-perbankan-digital
396,https://swa.co.id/swa/trends/pemprov-jabar-beli-10-juta-masker-dari-ratusan-umkm
397,https://swa.co.id/swa/business-strategy/blibli-luncurkan-berbagai-fitur-dan-inisiatif-baru
398,https://swa.co.id/swa/csr-corner/donasi-covid-19-telkomsel-lebih-dari-rp-6-miliar
399,https://swa.co.id/kumparan/tes-covid-19-manyoption-deteksi-penyebaran-infeksi-corona
400,https://swa.co.id/covid19/citi-foundation-salurkan-rp-2-miliar-untuk-penanganan-covid-19
401,https://swa.co.id/swa/trends/upaya-impc-dalam-penanggulangan-pandemi-covid-19
402,https://swa.co.id/kumparan/ini-fitur-rapid-diagnostic-test-karya-anak-bangsa
403,https://swa.co.id/covid19/bantuan-asetku-untuk-tenaga-medis-covid-19
404,https://swa.co.id/swa/csr-corner/uni-charm-indonesia-donasi-popok-dewasa-dan-pembalut-untuk-tenaga-medis-ja-tim
405,https://swa.co.id/covid19/mandiri-sekuritas-salurkan-2-500-apd-dan-alkes
406,https://swa.co.id/swa/trends/__trashed-17
407,https://swa.co.id/swa/trends/lion-air-sediakan-rapid-test-seharga-rp-95-ribu
408,https://swa.co.id/covid19/bank-mantap-serahkan-bantuan-apd-ke-rs-hasan-sadikin-bandung
409,https://swa.co.id/swa/trends/adu-cepat-membuat-sang-pemusnah
410,https://swa.co.id/swa/trends/marketing/tip-sandiaga-uno-mendongkrak-penjualan-di-tengah-pandemi
411,https://swa.co.id/covid19/mpmrent-donasi-alkes-senilai-rp500-juta-ke-pemkot-tangsel
412,https://swa.co.id/covid19/gerakan-indonesia-pasti-bisa-telah-distribusikan-100-000-test-kit-pcr
413,https://swa.co.id/kumparan/ini-cara-tingkatkan-imunitas-menurut-i3l
414,https://swa.co.id/swa/csr-corner/tangani-covid-19-pln-salurkan-bantuan-rp-1405-miliar
415,https://swa.co.id/kumparan/unilever-indonesia-distribusikan-ribuan-alat-tes-pcr-ke-gtpc19
416,https://swa.co.id/swa/trends/terdampak-corona-pendapatan-blue-bird-turun-70-persen
417,https://swa.co.id/covid19/strategi-trisula-international-hadapi-wabah-covid-19
418,https://swa.co.id/covid19/cegah-penyebaran-covid-19-wsbp-rapid-test-sebulan-2-kali
419,https://swa.co.id/covid19/ritase-bantu-grup-sucor-gdistribusikan-10-ribu-apd
420,https://swa.co.id/kumparan/unair-temukan-5-kombinasi-obat-yang-efektif-lawan-corona
421,https://swa.co.id/covid19/jakarta-smart-city-dan-grup-cartenz-kembangkan-aplikasi-tracing-covid-19
422,https://swa.co.id/covid19/mandiri-syariah-salurkan-26-600-paket-ke-seluruh-indonesia
423,https://swa.co.id/swa/my-article/tanadi-santoso-pembicara-publik-pelatih-corporate-bersiap-dengan-paradigma-baru
424,https://swa.co.id/covid19/pegawai-bank-mantap-sisihkan-gaji-untuk-bantuan-terdampak-covid-19
425,https://swa.co.id/covid19/pertamina-buka-rspp-extention-untuk-pasien-covid-19
426,https://swa.co.id/covid19/itdc-gandeng-club-med-tekan-penyebaran-covid-19
427,https://swa.co.id/covid19/dettol-dan-harpic-donasi-rp-22-miliar-lawan-pandemi
428,https://swa.co.id/covid19/hansaplast-ajak-konsumen-bantu-paramedis-covid-19
429,https://swa.co.id/covid19/sequis-salurkan-bantuan-untuk-1-000-tenaga-medis
430,https://swa.co.id/swa/business-strategy/rhenald-kasali-guru-besar-universitas-indonesia-dalam-setiap-krisis-ada-jendela-opportunity
431,https://swa.co.id/swa/my-article/hermawan-kartajaya-founder-and-chairman-markplus-inc-surviving-dan-preparing-menghadapi-corona
432,https://swa.co.id/covid19/aquaproof-bergerak-melindungi-dari-covid-19
433,https://swa.co.id/swa/csr-corner/peduli-covid-19-bni-syariah-salurkan-bantuan-hingga-rp-38-miliar
434,https://swa.co.id/swa/capital-market/corporate/musi-samosir-chief-risk-officer-pt-asuransi-adira-dinamika-tbk-tantangan-baru-peluang-baru
435,https://swa.co.id/covid19/masa-pembatasan-penerbangan-diperpanjang-hingga-7-juni
436,https://swa.co.id/covid19/10-penjualan-sociolla-untuk-tenaga-medis
437,https://swa.co.id/swa/listed-articles/donasi-sembako-dan-masker-untuk-mitra-program-csr
438,https://swa.co.id/swa/trends/pandemi-corona-ikut-pukul-industri-media
439,https://swa.co.id/swa/business-strategy/lv-vaidyanathan-presdir-pg-indonesia-aktifkan-tim-krisis-manajemen
440,https://swa.co.id/swa/capital-market/corporate-action/mohamad-feriadi-presdir-jne-terbitkan-regulasi-khusus
441,https://swa.co.id/kumparan/ariston-donasi-150-water-heater-ke-rs-rujukan-covid-19-di-jakarta
442,https://swa.co.id/covid19/pelindo-iii-gelar-rapid-test-di-zona-merah
443,https://swa.co.id/swa/csr-corner/adaro-sumbang-rp-25-miliar-produksi-ventilator-buatan-ui
444,https://swa.co.id/covid19/mayapada-healthcare-layani-pemeriksaan-pcr-swab-test
445,https://swa.co.id/swa/trends/nestle-dukung-cepi-percepat-pengembangan-vaksin-covid-19
446,https://swa.co.id/swa/capital-market/corporate-action/irwan-hidayat-tetap-waspada-meminimalkan-dampak-corona
447,https://swa.co.id/covid19/kolaborasi-sejumlah-perusahaan-adakan-rapid-test-gratis
448,https://swa.co.id/swa/trends/asdp-alami-penurunan-penumpang-selama-lebaran
449,https://swa.co.id/covid19/madurasa-dukung-jaga-imunitas-tenaga-medis-lawan-covid-19
450,https://swa.co.id/covid19/mg-motor-donasi-10-000-unit-apd-dan-sembako
451,https://swa.co.id/swa/trends/management/citilink-efisiensi-jadi-kunci-hadapi-krisis
452,https://swa.co.id/kumparan/asuransi-astra-diversifikasi-portofolio-bisnis-untuk-antisipasi-krisis
453,https://swa.co.id/swa/trends/management/terdampak-covid-19-kai-pastikan-tak-phk-karyawan
454,https://swa.co.id/kumparan/kino-indonesia-antisipasi-dampak-corona-lebih-dini
455,https://swa.co.id/covid19/cara-taiwan-atasi-corona
456,https://swa.co.id/covid19/ekosistem-inovasi-teknologi-bppt-dukung-ketahanan-kesehatan-nasional
457,https://swa.co.id/covid19/tica-climate-dukung-ciputra-hospital-memerangi-covid-19
458,https://swa.co.id/swa/trends/economic-issues/era-new-normal-pemerintah-siapkan-daerah-percontohan
459,https://swa.co.id/covid19/gg-sanitaryware-donasi-apd-untuk-rsd-wisma-atlet
460,https://swa.co.id/kumparan/bnp-paribas-am-dan-citibank-dukung-penanganan-covid-19
461,https://swa.co.id/swa/trends/economic-issues/pemerintah-siapkan-skenario-new-normal-ini-kata-pengusaha
462,https://swa.co.id/covid19/cara-pttep-dan-dompet-dhuafa-cegah-tangkal-corona
463,https://swa.co.id/swa/trends/rp-219-triliun-hasil-restrukturisasi-kredit-nasabah-pembiayaan-astra-financial-terdampak-covid-19
464,https://swa.co.id/covid19/zilingo-jalin-kerja-sama-donasi-kampanye-kitabisa-com
465,https://swa.co.id/swa/trends/technology/ap-ii-siapkan-pemeriksaan-digital-dokumen-penumpang
466,https://swa.co.id/covid19/apresiasi-untuk-tim-medis-rs-darurat-wisma-atlet-yang-tidak-mudik
467,https://swa.co.id/swa/trends/management/sambut-new-normal-bni-akan-maksimalkan-layanan-digital
468,https://swa.co.id/swa/my-article/compassionate-leadership-dalam-situasi-pandemi
469,https://swa.co.id/swa/trends/kementan-gandeng-cap-lang-produksi-massal-antivirus-corona
470,https://swa.co.id/swa/trends/dua-bulan-tutup-mal-siap-dibuka-kembali-8-juni-2020
471,https://swa.co.id/swa/trends/management/pln-siap-jalankan-skenario-new-normal-setelah-lebaran
472,https://swa.co.id/swa/trends/super-indo-jaga-kenyamanan-dan-keamanan-berbelanja
473,https://swa.co.id/swa/trends/management/cara-loreal-bantu-pengelola-salon-hadapi-pandemi
474,https://swa.co.id/swa/trends/business-research/ini-destinasi-wisata-paling-diimpikan-dan-dinanti-setelah-pandemi
475,https://swa.co.id/swa/trends/marketing/kemenparekraf-gelar-pameran-dari-rumah-dukung-pelaku-seni-rupa-saat-pandemi
476,https://swa.co.id/swa/trends/management/garuda-indonesia-rumahkan-sementara-karyawan-pkwt
477,https://swa.co.id/swa/trends/management/ovo-gandeng-prudential-sediakan-perlindungan-covid-19-bebas-premi
478,https://swa.co.id/swa/csr-corner/petrokimia-gresik-gelontorkan-dana-rp79-miliar-untuk-tangani-covid-19
479,https://swa.co.id/property/strategi-diamondland-pasarkan-klaster-terbaru-di-saat-pandemi-covid-19
480,https://swa.co.id/swa/trends/bagaimana-agar-tidak-stress-kala-pandemi-covid-19
481,https://swa.co.id/swa/trends/management/penerbangan-berjadwal-airasia-beroperasi-kembali
482,https://swa.co.id/swa/trends/masyarakat-akan-lebih-mengincar-produk-lokal-pascacovid-19
483,https://swa.co.id/swa/trends/dampak-corona-garuda-rumahkan-karyawan-hingga-pangkas-thr
484,https://swa.co.id/swa/csr-corner/dap-sumbang-ribuan-kasur-lipat-untuk-rs-covid-19
485,https://swa.co.id/swa/csr-corner/karyawan-bank-dki-donasi-peduli-covid-19-total-rp5-miliar
486,https://swa.co.id/swa/csr-corner/kontribusi-berjuangbersamasahabat-adira-saat-pandemi
487,https://swa.co.id/swa/trends/insentif-ekonomi-untuk-menopang-daya-hidup-pers-saat-krisis-akibat-pandemi-covid-19
488,https://swa.co.id/swa/trends/management/ruu-cipta-kerja-harus-relevan-dengan-indonesia-pascapandemi-covid-19
489,https://swa.co.id/swa/csr-corner/bantuan-untuk-masyarakat-terdampak-corona-di-rusun-jati-rawasari
490,https://swa.co.id/swa/trends/management/strategi-baru-chilibeli-hadapi-covid-19-kala-ramadan
491,https://swa.co.id/swa/csr-corner/bpkh-salurkan-ribuan-paket-sembako-untuk-warga-terdampak-covid-19
492,https://swa.co.id/swa/csr-corner/shipper-indonesia-layani-pengiriman-bantuan-selama-pandemi-covid-19
493,https://swa.co.id/swa/trends/johnny-g-plate-public-relations-harus-mendorong-masuk-menuju-era-digital-di-saat-pandemi-covid-19
494,https://swa.co.id/automotive/penjualan-daihatsu-merosot-saat-pandemi-covid-19
495,https://swa.co.id/swa/trends/kebijakan-penanganan-covid-19-dan-stimulus-ekonomi-perbaiki-keyakinan-investor
496,https://swa.co.id/swa/csr-corner/ajinomoto-sumbang-rp-1-miliar-untuk-tangani-covid-19
497,https://swa.co.id/swa/csr-corner/bantuan-entrepreneur-muda-untuk-yang-terdampak-covid-19-saat-ramadan
498,https://swa.co.id/swa/trends/management/hemera-dan-mitra-tawarkan-bangun-lab-covid-19-di-indonesia
499,https://swa.co.id/swa/trends/economic-issues/ini-saran-mochtar-riady-agar-ri-bisa-bertahan-dari-dampak-covid-19
500,https://swa.co.id/swa/trends/management/langkah-hokben-hadapi-pandemi-covid-19
501,https://swa.co.id/swa/csr-corner/kahmipreneur-salurkan-beasiswa-pelajar-mahasiswa-terdampak-covid-19
502,https://swa.co.id/swa/trends/management/strategi-chilibeli-hadapi-pandemi-di-bulan-ramadan
503,https://swa.co.id/property/jurus-modernland-realty-dongkrak-penjualan-saat-pandemi-covid-19-2
504,https://swa.co.id/swa/csr-corner/emiten-properti-menyokong-misi-gugus-tugas-covid-19
505,https://swa.co.id/swa/trends/management/kalbe-kembangkan-jamur-cordyceps-untuk-proteksi-covid-19
506,https://swa.co.id/swa/trends/business-research/industri-kecantikan-masih-amankah-saat-pandemi
507,https://swa.co.id/swa/csr-corner/anteraja-mengantar-asa-untuk-warga-terdampak-corona
508,https://swa.co.id/swa/trends/pt-inka-ekspor-gerbong-kereta-di-tengah-covid-19
509,https://swa.co.id/swa/csr-corner/standard-chartered-donasi-rp-31-miliar-untuk-tenaga-medis
510,https://swa.co.id/swa/trends/kemenhub-refocusing-anggaran-sebesar-rp303-miliar-untuk-tangani-covid-19
511,https://swa.co.id/swa/trends/marketing/inovasi-xing-fu-tang-di-tengah-pandemi-covid-19
512,https://swa.co.id/swa/trends/management/tips-mengelola-thr-di-tengah-pandemi
513,https://swa.co.id/swa/trends/lps-sebut-masyarakat-makin-rajin-menabung-selama-pandemi-corona/
514,https://swa.co.id/swa/profile/profile-professional/sudhamek-aws-perkuat-endurance-krisis-2020-lebih-berat-daripada-1998
515,https://swa.co.id/covid19/galva-technologies-tetap-bertaji-berkat-serangkaian-inovasi
516,https://swa.co.id/covid19/2021-pemerintah-alokasikan-rp-169-triliun-untuk-bidang-kesehatan-termasuk-program-vaksinasi
517,https://swa.co.id/covid19/peran-perempuan-bisa-percepat-pemulihan-sosial-ekonomi-akibat-pandemi
518,https://swa.co.id/covid19/mengenal-jenis-test-covid-19-dan-kekurangannya
519,https://swa.co.id/covid19/ini-ketentuan-belajar-tatap-muka
520,https://swa.co.id/covid19/upaya-tiket-com-gairahkan-kembali-pariwisata-domestik
521,https://swa.co.id/covid19/protokol-kesehatan-ketika-ada-anggota-keluarga-yang-terpapar-covid-19
522,https://swa.co.id/covid19/penyintas-covid-19-gejala-yang-berbeda-asupan-penting-saat-pemulihan
523,https://swa.co.id/covid19/ifbec-terapkan-chse-dongkrak-pariwisata-bali
524,https://swa.co.id/covid19/buka-10-toko-baru-sociolla-utamakan-protokol-kesehatan
525,https://swa.co.id/covid19/enam-langkah-keselamatan-kerja-agar-terlindung-dari-covid-19
526,https://swa.co.id/covid19/upaya-pemkab-klungkung-bangkitkan-pariwisata-bali
527,https://swa.co.id/covid19/erajaya-terapkan-prokes-ketat-di-semua-outlet-terbarunya
528,https://swa.co.id/covid19/budaya-sungkan-bikin-enggan-menegur-social-distancing
529,https://swa.co.id/covid19/menpan-rb-asn-harus-jadi-contoh-penerapan-protokol-kesehatan
530,https://swa.co.id/covid19/tlaga-singha-pastikan-keamanan-dan-kenyaman-tamu-dengan-sertifikasi-chse
531,https://swa.co.id/covid19/bagikan-masker-hingga-sosialisasi-prokes-cara-ptpn-v-tekan-penyebaran-covid-19
532,https://swa.co.id/covid19/timsus-bandung-fokus-awasi-prokes-di-mal-dan-pusat-perdagangan
533,https://swa.co.id/covid19/inisiatif-perusahaan-alat-alat-berat-terapkan-prokes
534,https://swa.co.id/covid19/donor-darah-aman-di-masa-pandemi-2
535,https://swa.co.id/covid19/donor-darah-aman-di-masa-pandemi
536,https://swa.co.id/covid19/panduan-aman-pebisnis-eo-gelar-kegiatan-di-masa-pandemi
537,https://swa.co.id/covid19/komitmen-pos-indonesia-terapkan-protokol-kesehatan
538,https://swa.co.id/covid19/prokes-di-industri-sawit
539,https://swa.co.id/covid19/airasia-raih-peringkat-tertinggi-untuk-covid-19-health-ratings
540,https://swa.co.id/covid19/pemanfaatan-teknologi-untuk-otomatisasi-pelaksanaan-vaksinasi-covid-19
541,https://swa.co.id/covid19/protokol-kesehatan-saat-ibadah-rayakan-hari-natal
542,https://swa.co.id/covid19/dap-gelar-clearance-sale-ke-7-dengan-protokol-kesehatan-ketat
543,https://swa.co.id/covid19/pengguna-tokopedia-donasi-apd-senilai-rp-125-miliar
544,https://swa.co.id/covid19/dukung-protokol-kesehatan-octo-vending-cimb-niaga-sediakan-alat-kesehatan
545,https://swa.co.id/covid19/transformasi-industri-4-0-bantu-sektor-manufaktur-jalankan-protokol-kesehatan
546,https://swa.co.id/covid19/boplbf-dampingi-desa-adat-wae-rebo-terapkan-protokol-kesehatan
547,https://swa.co.id/covid19/10-rempah-rempah-penambah-daya-tahan-tubuh
548,https://swa.co.id/covid19/secret-clean-dan-mrt-jakarta-pastikan-penumpang-patuhi-prokes
549,https://swa.co.id/covid19/bagaimana-perusahaan-tetap-produktif-di-masa-pandemi
550,https://swa.co.id/covid19/terapkan-prokes-ikhtiar-powercommerce-asia-jaga-pertumbuhan-bisnis-selama-pandemi
551,https://swa.co.id/covid19/pandemi-covid-19tips-mengasuh-anak-bagi-ibu-ibu-bekerja
552,https://swa.co.id/covid19/cara-refit-club-tangkal-covid-19
553,https://swa.co.id/covid19/citilink-dan-shopeepay-wujudkan-penerbangan-aman-di-masa-pandemi
554,https://swa.co.id/covid19/damri-siapkan-ribuan-armada-bus-sehat-jelang-libur-akhir-tahun
555,https://swa.co.id/covid19/kampanye-enesissafetravel-ajak-masyarakat-patuhi-prokes-di-transportasi-publik
556,https://swa.co.id/covid19/realisasi-anggaran-pemulihan-covid-19-capai-rp42323-triliun
557,https://swa.co.id/covid19/cara-mengabarkan-pandemi-covid-19-kepada-anak-anak
558,https://swa.co.id/covid19/jumlah-pasien-sembuh-covid-19-terus-meningkat
559,https://swa.co.id/covid19/ahm-terapkan-prokes-demi-kenyamanan-dan-keamanan-karyawan
560,https://swa.co.id/covid19/panasonic-hadirkan-teknologi-penghambat-penyebaran-virus-corona
561,https://swa.co.id/covid19/biaya-pengobatan-covid-19-sangat-mahal-cegah-dengan-3m-dan-vaksinasi
562,https://swa.co.id/covid19/terbang-nyaman-terhindar-dari-covid-19
563,https://swa.co.id/covid19/pembelajaran-tatap-muka-harus-ikuti-protokol-kesehatan
564,https://swa.co.id/covid19/tips-menghadapi-musim-pancaroba-saat-pandemi-covid-19
565,https://swa.co.id/covid19/langkah-astra-otoparts-hadapi-pandemi-covid-19
566,https://swa.co.id/covid19/displin-terapkan-prokes-3-bandara-ap-i-diganjar-penghargaan
567,https://swa.co.id/covid19/psbb-membuat-bisnis-lembaga-kursus-wall-street-english-naik-30
568,https://swa.co.id/covid19/berikut-tren-baru-di-perdagangan-internasional-akibat-pandemi-covid
569,https://swa.co.id/covid19/dbs-terapkan-kaidah-kerja-baru-sambut-masa-depan
570,https://swa.co.id/covid19/toffin-indonesia-batasi-kunjungan-showroom-cegah-penyebaran-covid-19
571,https://swa.co.id/covid19/protokol-kesehatan-chse-di-industri-pariwisata
572,https://swa.co.id/covid19/olah-raga-yang-aman-untuk-lansia
573,https://swa.co.id/covid19/enam-inisiatif-digital-bpr-lestari-saat-pandemi-covid-19
574,https://swa.co.id/covid19/kai-ketatkan-prokes-jelang-libur-natal-tahun-baru
575,https://swa.co.id/covid19/resep-anti-galau-di-masa-pandemi-covid-19
576,https://swa.co.id/covid19/siapkan-sistem-satu-data-erick-thohir-jamin-kerahasiaan-data-penerima-vaksinasi-covid-19
577,https://swa.co.id/covid19/jadilah-pahlawan-dengan-menjalankan-3t-testing-tracing-dan-treatment
578,https://swa.co.id/covid19/pemerintah-gencarkan-dan-sosialisasikan-prokes-anak-usia-sekolah
579,https://swa.co.id/covid19/media-sosial-paling-banyak-dipilih-untuk-dapatkan-informasi-vaksin-covid-19
580,https://swa.co.id/covid19/bantuan-subsidi-upah-untuk-2-juta-pendidik-saat-pandemi-covid-19
581,https://swa.co.id/covid19/pemerintah-dukung-inisiatif-swasta-produksi-vaksin